class,cust_count,contribution
1,2392,0.47362144560127845
2,5791,0.2562572872161363
3,11074,0.1987115106921231
4,7660,0.07140975649046219
